filename,target,category
1-18527-A-44.wav_2-122616-A-14.wav,58,engine before chirping_birds
1-39901-A-11.wav_3-178096-A-6.wav,17,sea_waves before hen
1-36164-A-26.wav_5-254832-B-15.wav,41,laughing before water_drops
2-74977-A-18.wav_4-185619-A-21.wav,39,toilet_flush before sneezing
3-103051-C-19.wav_3-163459-A-0.wav,19,thunderstorm before dog
1-54084-A-42.wav_2-32515-B-4.wav,46,siren before frog
3-251617-A-48.wav_4-194246-A-13.wav,61,fireworks before crickets
4-189836-A-22.wav_5-209719-A-24.wav,46,clapping before coughing
1-12654-B-15.wav_4-174860-A-3.wav,18,water_drops before cow
2-52085-A-4.wav_2-77347-A-46.wav,50,frog before church_bells
2-50666-A-20.wav_3-144259-A-29.wav,49,crying_baby before drinking_sipping
1-23996-A-35.wav_3-188390-A-6.wav,41,washing_machine before hen
3-127890-A-9.wav_4-176631-A-43.wav,52,crow before car_horn
4-207124-A-0.wav_5-187201-B-4.wav,4,dog before frog
1-17808-B-12.wav_5-244315-B-6.wav,18,crackling_fire before hen
2-54961-A-23.wav_4-194808-A-29.wav,52,breathing before drinking_sipping
1-56270-A-29.wav_3-151273-A-35.wav,64,drinking_sipping before washing_machine
2-160888-A-47.wav_4-170247-B-12.wav,59,airplane before crackling_fire
1-39937-A-28.wav_3-95695-B-5.wav,33,snoring before cat
4-205738-A-22.wav_5-253094-D-49.wav,71,clapping before hand_saw
2-39945-A-19.wav_5-204741-A-46.wav,65,thunderstorm before church_bells
1-62565-A-44.wav_3-94343-A-25.wav,69,engine before footsteps
2-28314-A-12.wav_3-148330-A-21.wav,33,crackling_fire before sneezing
4-200330-A-6.wav_4-80761-A-42.wav,48,hen before siren
3-246513-A-16.wav_5-161270-B-33.wav,49,wind before door_wood_creaks
1-50661-A-44.wav_5-263831-A-6.wav,50,engine before hen
1-17565-A-12.wav_3-144510-A-30.wav,42,crackling_fire before door_wood_knock
1-54918-B-14.wav_2-188822-C-40.wav,54,chirping_birds before helicopter
1-160563-A-48.wav_5-208810-A-11.wav,59,fireworks before sea_waves
2-209475-A-25.wav_4-171652-A-44.wav,69,footsteps before engine
1-60997-B-20.wav_4-169127-A-41.wav,61,crying_baby before chainsaw
3-156581-B-14.wav_4-184575-A-0.wav,14,chirping_birds before dog
1-12654-B-15.wav_1-32318-A-0.wav,15,water_drops before dog
4-172732-A-36.wav_4-201300-A-31.wav,67,vacuum_cleaner before mouse_click
3-144253-A-29.wav_4-184235-A-28.wav,57,drinking_sipping before snoring
1-84536-A-39.wav_4-157611-B-41.wav,80,glass_breaking before chainsaw
2-188822-D-40.wav_5-216131-A-32.wav,72,helicopter before keyboard_typing
2-114609-A-28.wav_4-169127-B-41.wav,69,snoring before chainsaw
3-145577-A-43.wav_5-160614-A-48.wav,91,car_horn before fireworks
1-49409-B-8.wav_3-170377-A-38.wav,46,sheep before clock_tick
2-102414-G-17.wav_2-73027-A-10.wav,27,pouring_water before rain
3-155130-A-43.wav_4-234879-A-6.wav,49,car_horn before hen
3-253084-E-2.wav_4-172732-A-36.wav,38,pig before vacuum_cleaner
3-139958-A-37.wav_3-95698-A-5.wav,42,clock_alarm before cat
2-108761-A-14.wav_4-178402-A-43.wav,57,chirping_birds before car_horn
1-84536-A-39.wav_3-253081-A-2.wav,41,glass_breaking before pig
2-32515-A-4.wav_3-103050-A-19.wav,23,frog before thunderstorm
1-46938-B-7.wav_4-159609-B-14.wav,21,insects before chirping_birds
2-118817-A-32.wav_5-198411-B-20.wav,52,keyboard_typing before crying_baby
1-46744-A-36.wav_3-150979-B-40.wav,76,vacuum_cleaner before helicopter
3-124795-A-28.wav_3-92637-A-18.wav,46,snoring before toilet_flush
2-124662-A-11.wav_5-103418-A-2.wav,13,sea_waves before pig
2-120333-A-32.wav_2-60180-A-49.wav,81,keyboard_typing before hand_saw
2-72970-A-10.wav_3-156558-A-21.wav,31,rain before sneezing
3-197435-A-22.wav_5-233607-A-39.wav,61,clapping before glass_breaking
5-201664-A-18.wav_5-220939-A-27.wav,45,toilet_flush before brushing_teeth
2-121909-A-35.wav_2-72547-A-14.wav,49,washing_machine before chirping_birds
4-182795-A-14.wav_5-189795-A-4.wav,18,chirping_birds before frog
1-19111-A-24.wav_2-79769-A-26.wav,50,coughing before laughing
3-157615-A-10.wav_4-164064-B-1.wav,11,rain before rooster
2-80844-A-13.wav_4-180337-A-28.wav,41,crickets before snoring
3-144259-A-29.wav_4-191327-A-38.wav,67,drinking_sipping before clock_tick
1-30830-A-24.wav_2-106073-A-36.wav,60,coughing before vacuum_cleaner
3-142006-A-10.wav_5-160614-F-48.wav,58,rain before fireworks
1-172649-B-40.wav_3-103401-B-33.wav,73,helicopter before door_wood_creaks
1-69422-A-3.wav_2-120218-B-30.wav,33,cow before door_wood_knock
2-109371-A-16.wav_5-212050-A-27.wav,43,wind before brushing_teeth
2-157488-A-6.wav_2-95567-A-23.wav,29,hen before breathing
1-100038-A-14.wav_4-147657-A-46.wav,60,chirping_birds before church_bells
2-81112-A-34.wav_3-216281-A-39.wav,73,can_opening before glass_breaking
2-81270-A-1.wav_5-207811-B-35.wav,36,rooster before washing_machine
1-76831-B-42.wav_5-189237-A-12.wav,54,siren before crackling_fire
1-56233-A-9.wav_4-204123-A-39.wav,48,crow before glass_breaking
2-70052-B-42.wav_4-175000-B-40.wav,82,siren before helicopter
4-174860-B-3.wav_4-202749-A-13.wav,16,cow before crickets
3-119120-A-48.wav_3-87936-B-46.wav,94,fireworks before church_bells
1-977-A-39.wav_4-171207-A-12.wav,51,glass_breaking before crackling_fire
2-114280-A-0.wav_3-149189-A-1.wav,1,dog before rooster
1-56907-A-46.wav_2-77945-A-41.wav,87,church_bells before chainsaw
2-74977-A-18.wav_4-218199-C-35.wav,53,toilet_flush before washing_machine
3-147343-A-34.wav_5-103420-A-2.wav,36,can_opening before pig
1-61261-A-44.wav_1-88807-A-39.wav,83,engine before glass_breaking
1-88807-A-39.wav_5-186924-A-12.wav,51,glass_breaking before crackling_fire
2-121978-A-29.wav_5-201664-A-18.wav,47,drinking_sipping before toilet_flush
3-142349-A-17.wav_5-179860-A-43.wav,60,pouring_water before car_horn
1-96890-A-37.wav_3-166125-B-23.wav,60,clock_alarm before breathing
4-111671-A-42.wav_4-169127-B-41.wav,83,siren before chainsaw
1-172649-F-40.wav_1-82817-A-30.wav,70,helicopter before door_wood_knock
2-114609-B-28.wav_4-212604-B-15.wav,43,snoring before water_drops
3-51909-B-42.wav_5-197446-A-7.wav,49,siren before insects
2-119748-A-38.wav_2-125520-A-43.wav,81,clock_tick before car_horn
2-25292-A-22.wav_3-117293-A-9.wav,31,clapping before crow
2-119161-A-8.wav_5-177779-A-33.wav,41,sheep before door_wood_creaks
2-25293-A-22.wav_3-101381-B-33.wav,55,clapping before door_wood_creaks
2-98392-A-23.wav_4-195805-A-13.wav,36,breathing before crickets
2-88724-A-38.wav_3-172881-A-48.wav,86,clock_tick before fireworks
1-115521-A-19.wav_5-242491-A-14.wav,33,thunderstorm before chirping_birds
2-81970-C-7.wav_5-263775-A-26.wav,33,insects before laughing
1-160563-A-48.wav_5-260011-A-34.wav,82,fireworks before can_opening
2-68391-A-41.wav_5-191131-A-40.wav,81,chainsaw before helicopter
2-81270-A-1.wav_5-262641-A-15.wav,16,rooster before water_drops
1-39901-B-11.wav_3-166125-B-23.wav,34,sea_waves before breathing
2-28314-A-12.wav_2-78562-B-37.wav,49,crackling_fire before clock_alarm
3-172179-A-31.wav_5-187979-A-21.wav,52,mouse_click before sneezing
1-18810-A-49.wav_5-182010-A-36.wav,85,hand_saw before vacuum_cleaner
3-100024-B-27.wav_5-208761-A-24.wav,51,brushing_teeth before coughing
1-12654-B-15.wav_4-253649-A-6.wav,21,water_drops before hen
1-160563-A-48.wav_2-104877-A-3.wav,51,fireworks before cow
1-54505-A-21.wav_5-209992-B-44.wav,65,sneezing before engine
1-57316-A-13.wav_5-260164-A-23.wav,36,crickets before breathing
1-24076-A-43.wav_5-197121-A-45.wav,88,car_horn before train
2-166644-A-2.wav_5-198373-A-46.wav,48,pig before church_bells
2-110417-B-28.wav_2-140147-A-38.wav,66,snoring before clock_tick
2-106486-A-44.wav_3-131943-A-37.wav,81,engine before clock_alarm
2-18766-B-12.wav_3-112522-A-27.wav,39,crackling_fire before brushing_teeth
4-188033-A-38.wav_5-244459-A-28.wav,66,clock_tick before snoring
3-155642-A-11.wav_4-102844-C-49.wav,60,sea_waves before hand_saw
2-119102-A-21.wav_3-155659-A-34.wav,55,sneezing before can_opening
1-12654-A-15.wav_5-191497-A-33.wav,48,water_drops before door_wood_creaks
3-141240-B-44.wav_4-125072-A-19.wav,63,engine before thunderstorm
2-120333-A-32.wav_3-70962-A-4.wav,36,keyboard_typing before frog
3-136608-A-16.wav_3-163727-A-3.wav,19,wind before cow
3-170574-A-30.wav_5-219342-A-38.wav,68,door_wood_knock before clock_tick
1-172649-C-40.wav_5-213293-A-23.wav,63,helicopter before breathing
2-137162-A-11.wav_2-81970-C-7.wav,18,sea_waves before insects
3-152020-B-36.wav_4-172500-D-27.wav,63,vacuum_cleaner before brushing_teeth
2-102567-B-35.wav_5-243036-A-29.wav,64,washing_machine before drinking_sipping
2-117795-A-3.wav_2-57191-A-46.wav,49,cow before church_bells
1-88409-A-45.wav_3-166125-B-23.wav,68,train before breathing
1-18527-B-44.wav_2-72677-A-18.wav,62,engine before toilet_flush
1-32579-A-29.wav_4-172742-A-32.wav,61,drinking_sipping before keyboard_typing
3-118658-B-41.wav_5-169983-A-5.wav,46,chainsaw before cat
3-119120-C-48.wav_3-145387-A-29.wav,77,fireworks before drinking_sipping
1-13571-A-46.wav_2-103427-A-3.wav,49,church_bells before cow
1-61212-A-32.wav_4-161103-A-47.wav,79,keyboard_typing before airplane
2-105270-A-47.wav_5-188495-A-19.wav,66,airplane before thunderstorm
3-130998-A-28.wav_5-202898-A-10.wav,38,snoring before rain
1-160563-A-48.wav_2-85292-A-24.wav,72,fireworks before coughing
1-68670-A-34.wav_3-197435-B-22.wav,56,can_opening before clapping
3-197435-A-22.wav_5-263831-B-6.wav,28,clapping before hen
1-26188-A-30.wav_4-187384-A-34.wav,64,door_wood_knock before can_opening
5-197988-A-46.wav_5-200334-B-1.wav,47,church_bells before rooster
1-43807-A-47.wav_3-105235-A-7.wav,54,airplane before insects
1-115920-A-22.wav_2-102414-G-17.wav,39,clapping before pouring_water
1-84536-A-39.wav_3-152007-B-20.wav,59,glass_breaking before crying_baby
5-212734-A-17.wav_5-233605-A-39.wav,56,pouring_water before glass_breaking
2-70280-A-18.wav_2-84965-A-23.wav,41,toilet_flush before breathing
2-188822-C-40.wav_5-242491-A-14.wav,54,helicopter before chirping_birds
2-37870-A-2.wav_3-68630-A-40.wav,42,pig before helicopter
2-139749-A-15.wav_2-140147-A-38.wav,53,water_drops before clock_tick
2-67422-A-18.wav_2-70938-A-42.wav,60,toilet_flush before siren
1-103298-A-9.wav_2-78651-A-44.wav,53,crow before engine
4-132383-B-2.wav_4-197454-B-28.wav,30,pig before snoring
1-84536-A-39.wav_5-260164-A-23.wav,62,glass_breaking before breathing
2-72970-A-10.wav_5-202220-A-21.wav,31,rain before sneezing
4-194711-A-38.wav_5-172299-A-5.wav,43,clock_tick before cat
3-137152-A-1.wav_4-198360-A-49.wav,50,rooster before hand_saw
1-208757-A-2.wav_4-156844-A-21.wav,23,pig before sneezing
1-54752-A-18.wav_1-62565-A-44.wav,62,toilet_flush before engine
2-84693-A-49.wav_3-163607-B-13.wav,62,hand_saw before crickets
3-145382-A-1.wav_4-200330-A-6.wav,7,rooster before hen
1-118559-A-17.wav_2-141681-B-36.wav,53,pouring_water before vacuum_cleaner
3-166546-A-34.wav_4-125071-A-19.wav,53,can_opening before thunderstorm
1-18074-B-6.wav_1-79113-A-5.wav,11,hen before cat
1-137296-A-16.wav_3-152020-B-36.wav,52,wind before vacuum_cleaner
4-102844-A-49.wav_4-90014-A-42.wav,91,hand_saw before siren
5-208624-A-38.wav_5-216131-A-32.wav,70,clock_tick before keyboard_typing
2-139748-A-15.wav_3-155584-A-14.wav,29,water_drops before chirping_birds
2-188822-B-40.wav_2-74361-A-47.wav,87,helicopter before airplane
4-119647-A-48.wav_5-221950-A-22.wav,70,fireworks before clapping
1-36929-A-47.wav_3-170377-A-38.wav,85,airplane before clock_tick
1-115546-A-48.wav_2-50667-B-41.wav,89,fireworks before chainsaw
1-96950-A-9.wav_2-85471-A-34.wav,43,crow before can_opening
1-160563-B-48.wav_2-70366-A-33.wav,81,fireworks before door_wood_creaks
4-161105-A-47.wav_5-249937-A-22.wav,69,airplane before clapping
2-66637-A-20.wav_3-182025-A-30.wav,50,crying_baby before door_wood_knock
2-77346-A-46.wav_4-212728-A-34.wav,80,church_bells before can_opening
1-58277-A-3.wav_1-72695-A-26.wav,29,cow before laughing
3-126391-B-27.wav_4-157297-A-21.wav,48,brushing_teeth before sneezing
1-30039-A-26.wav_3-150979-A-40.wav,66,laughing before helicopter
2-109371-D-16.wav_3-112557-A-23.wav,39,wind before breathing
5-180156-B-43.wav_5-207811-B-35.wav,78,car_horn before washing_machine
1-160563-B-48.wav_4-212728-A-34.wav,82,fireworks before can_opening
4-111671-A-42.wav_4-164243-A-26.wav,68,siren before laughing
4-169127-B-41.wav_4-176638-A-43.wav,84,chainsaw before car_horn
1-43807-C-47.wav_2-54961-A-23.wav,70,airplane before breathing
4-177835-A-24.wav_5-197913-A-18.wav,42,coughing before toilet_flush
2-138465-A-43.wav_2-85292-A-24.wav,67,car_horn before coughing
1-64398-B-41.wav_2-141584-A-38.wav,79,chainsaw before clock_tick
2-81970-A-7.wav_3-193767-A-47.wav,54,insects before airplane
1-28135-B-11.wav_3-197408-B-8.wav,19,sea_waves before sheep
2-250710-A-39.wav_5-233607-A-39.wav,78,glass_breaking before glass_breaking
1-155858-B-25.wav_2-98866-A-47.wav,72,footsteps before airplane
4-167077-B-20.wav_5-212059-A-36.wav,56,crying_baby before vacuum_cleaner
1-94231-A-32.wav_5-235671-A-38.wav,70,keyboard_typing before clock_tick
3-102908-A-4.wav_4-125825-A-46.wav,50,frog before church_bells
1-51170-A-18.wav_4-234879-A-6.wav,24,toilet_flush before hen
1-42139-A-38.wav_3-152039-A-3.wav,41,clock_tick before cow
1-43807-D-47.wav_2-106019-A-13.wav,60,airplane before crickets
1-31251-A-6.wav_5-221518-A-21.wav,27,hen before sneezing
4-152958-A-18.wav_4-192236-A-0.wav,18,toilet_flush before dog
1-61534-A-27.wav_5-161270-B-33.wav,60,brushing_teeth before door_wood_creaks
3-68630-A-40.wav_4-130584-A-4.wav,44,helicopter before frog
1-110537-A-22.wav_2-117615-E-48.wav,70,clapping before fireworks
2-109371-B-16.wav_2-78562-A-37.wav,53,wind before clock_alarm
1-58923-B-27.wav_4-141365-A-18.wav,45,brushing_teeth before toilet_flush
2-69131-A-5.wav_3-142605-A-21.wav,26,cat before sneezing
1-47714-A-16.wav_2-121909-A-35.wav,51,wind before washing_machine
1-20133-A-39.wav_5-156026-A-4.wav,43,glass_breaking before frog
1-45645-A-31.wav_5-160614-D-48.wav,79,mouse_click before fireworks
2-102414-D-17.wav_3-95697-A-5.wav,22,pouring_water before cat
2-154688-A-31.wav_5-188796-A-45.wav,76,mouse_click before train
1-85362-A-0.wav_2-28314-B-12.wav,12,dog before crackling_fire
4-250864-A-8.wav_5-202898-A-10.wav,18,sheep before rain
4-164661-B-12.wav_4-182034-A-30.wav,42,crackling_fire before door_wood_knock
1-61221-A-17.wav_5-261325-A-9.wav,26,pouring_water before crow
1-36164-B-26.wav_1-43807-B-47.wav,73,laughing before airplane
3-143562-A-47.wav_4-163606-A-16.wav,63,airplane before wind
2-135649-A-45.wav_3-117504-B-16.wav,61,train before wind
2-68391-A-41.wav_2-82455-A-23.wav,64,chainsaw before breathing
4-182369-A-12.wav_5-215445-A-47.wav,59,crackling_fire before airplane
1-977-A-39.wav_5-207836-C-29.wav,68,glass_breaking before drinking_sipping
1-79146-A-29.wav_4-182034-A-30.wav,59,drinking_sipping before door_wood_knock
2-83934-A-5.wav_5-216214-A-13.wav,18,cat before crickets
3-144510-A-30.wav_5-253094-B-49.wav,79,door_wood_knock before hand_saw
1-62594-A-32.wav_5-179868-A-43.wav,75,keyboard_typing before car_horn
3-144259-A-29.wav_3-152007-C-20.wav,49,drinking_sipping before crying_baby
1-49098-A-35.wav_5-217186-C-16.wav,51,washing_machine before wind
4-181708-A-32.wav_4-185575-A-20.wav,52,keyboard_typing before crying_baby
4-163697-A-13.wav_4-182039-A-30.wav,43,crickets before door_wood_knock
3-119120-E-48.wav_5-203128-A-0.wav,48,fireworks before dog
2-112213-B-39.wav_2-51630-B-49.wav,88,glass_breaking before hand_saw
2-87795-A-24.wav_2-96654-A-47.wav,71,coughing before airplane
1-95563-A-31.wav_3-108451-B-17.wav,48,mouse_click before pouring_water
1-30043-A-26.wav_1-38560-A-14.wav,40,laughing before chirping_birds
1-47819-C-5.wav_4-184575-A-0.wav,5,cat before dog
1-187207-A-20.wav_5-170338-B-41.wav,61,crying_baby before chainsaw
2-54961-A-23.wav_4-189836-A-22.wav,45,breathing before clapping
4-196671-A-8.wav_5-260011-A-34.wav,42,sheep before can_opening
2-139749-A-15.wav_3-154926-A-40.wav,55,water_drops before helicopter
1-115545-A-48.wav_5-161270-B-33.wav,81,fireworks before door_wood_creaks
1-50625-A-17.wav_5-248341-A-6.wav,23,pouring_water before hen
1-34119-A-1.wav_4-204830-A-6.wav,7,rooster before hen
4-181955-C-3.wav_4-195305-A-31.wav,34,cow before mouse_click
1-105224-A-22.wav_4-188191-B-29.wav,51,clapping before drinking_sipping
1-7973-A-7.wav_2-77945-A-41.wav,48,insects before chainsaw
2-122763-B-29.wav_4-197454-B-28.wav,57,drinking_sipping before snoring
3-96606-A-49.wav_4-172500-D-27.wav,76,hand_saw before brushing_teeth
1-47273-A-21.wav_3-124600-A-19.wav,40,sneezing before thunderstorm
5-208810-B-11.wav_5-253094-A-49.wav,60,sea_waves before hand_saw
3-152020-A-36.wav_4-176631-A-43.wav,79,vacuum_cleaner before car_horn
1-81001-B-30.wav_5-215449-A-47.wav,77,door_wood_knock before airplane
5-172639-A-5.wav_5-244327-A-34.wav,39,cat before can_opening
3-150979-B-40.wav_4-176638-A-43.wav,83,helicopter before car_horn
2-83667-A-34.wav_3-145719-A-17.wav,51,can_opening before pouring_water
1-115920-B-22.wav_5-188606-A-33.wav,55,clapping before door_wood_creaks
4-189833-A-22.wav_5-231551-A-36.wav,58,clapping before vacuum_cleaner
5-117773-A-16.wav_5-244178-A-32.wav,48,wind before keyboard_typing
4-147658-A-46.wav_5-204352-B-13.wav,59,church_bells before crickets
4-176631-A-43.wav_5-253534-A-26.wav,69,car_horn before laughing
2-37806-C-40.wav_5-213855-A-0.wav,40,helicopter before dog
3-138212-A-45.wav_5-180156-A-43.wav,88,train before car_horn
2-104105-A-19.wav_4-207116-A-23.wav,42,thunderstorm before breathing
2-87780-A-33.wav_4-194711-A-38.wav,71,door_wood_creaks before clock_tick
3-108791-A-18.wav_4-183487-A-1.wav,19,toilet_flush before rooster
2-104877-A-3.wav_4-99193-B-4.wav,7,cow before frog
2-110614-A-8.wav_5-207811-A-35.wav,43,sheep before washing_machine
3-152020-B-36.wav_5-209992-A-44.wav,80,vacuum_cleaner before engine
5-244315-A-6.wav_5-245040-A-35.wav,41,hen before washing_machine
1-50060-A-10.wav_4-156227-A-9.wav,19,rain before crow
4-201988-A-44.wav_5-160614-D-48.wav,92,engine before fireworks
1-23094-A-15.wav_3-132852-A-10.wav,25,water_drops before rain
1-30344-A-0.wav_3-172881-A-48.wav,48,dog before fireworks
1-26176-A-43.wav_1-79236-A-36.wav,79,car_horn before vacuum_cleaner
1-47250-B-41.wav_3-111102-B-46.wav,87,chainsaw before church_bells
2-137162-A-11.wav_4-172180-A-32.wav,43,sea_waves before keyboard_typing
1-51433-A-17.wav_3-156581-A-14.wav,31,pouring_water before chirping_birds
1-16568-A-3.wav_5-193339-A-10.wav,13,cow before rain
1-56380-A-5.wav_1-64398-B-41.wav,46,cat before chainsaw
2-125875-A-13.wav_2-139748-B-15.wav,28,crickets before water_drops
3-51731-A-42.wav_4-215635-A-34.wav,76,siren before can_opening
1-13572-A-46.wav_4-212604-A-15.wav,61,church_bells before water_drops
4-179984-A-38.wav_4-213193-A-29.wav,67,clock_tick before drinking_sipping
2-68391-A-41.wav_2-70939-A-42.wav,83,chainsaw before siren
3-135469-A-35.wav_5-201172-A-46.wav,81,washing_machine before church_bells
1-47250-B-41.wav_2-103423-A-3.wav,44,chainsaw before cow
1-61252-A-11.wav_1-67033-A-37.wav,48,sea_waves before clock_alarm
1-80785-A-7.wav_3-118972-A-41.wav,48,insects before chainsaw
3-98771-A-18.wav_4-161099-A-47.wav,65,toilet_flush before airplane
1-7057-A-12.wav_5-212734-A-17.wav,29,crackling_fire before pouring_water
4-125825-B-46.wav_4-181999-A-36.wav,82,church_bells before vacuum_cleaner
4-165791-A-45.wav_5-237315-A-31.wav,76,train before mouse_click
4-130891-A-7.wav_4-218199-E-35.wav,42,insects before washing_machine
1-31251-B-6.wav_5-221878-A-34.wav,40,hen before can_opening
1-87565-A-29.wav_5-51149-A-25.wav,54,drinking_sipping before footsteps
4-172180-A-32.wav_5-179868-A-43.wav,75,keyboard_typing before car_horn
2-79769-A-26.wav_3-119120-D-48.wav,74,laughing before fireworks
1-12654-A-15.wav_2-127109-A-6.wav,21,water_drops before hen
2-81731-A-10.wav_5-254160-A-22.wav,32,rain before clapping
1-32373-B-35.wav_1-43807-C-47.wav,82,washing_machine before airplane
3-171041-A-38.wav_4-90014-B-42.wav,80,clock_tick before siren
1-115521-A-19.wav_5-182010-A-36.wav,55,thunderstorm before vacuum_cleaner
5-171653-A-41.wav_5-193339-A-10.wav,51,chainsaw before rain
2-209474-A-25.wav_5-201274-A-21.wav,46,footsteps before sneezing
1-160563-A-48.wav_4-184237-A-28.wav,76,fireworks before snoring
1-52266-A-24.wav_5-218196-B-27.wav,51,coughing before brushing_teeth
4-164021-A-1.wav_4-202298-A-31.wav,32,rooster before mouse_click
3-141559-A-45.wav_3-164216-A-6.wav,51,train before hen
4-175000-A-40.wav_5-233019-A-31.wav,71,helicopter before mouse_click
1-4211-A-12.wav_5-194892-A-10.wav,22,crackling_fire before rain
3-125418-A-24.wav_5-201664-A-18.wav,42,coughing before toilet_flush
4-161100-A-47.wav_5-172639-A-5.wav,52,airplane before cat
4-132810-A-26.wav_5-204741-A-46.wav,72,laughing before church_bells
5-197121-A-45.wav_5-253534-A-26.wav,71,train before laughing
1-39923-A-1.wav_3-139958-A-37.wav,38,rooster before clock_alarm
1-17124-A-43.wav_5-181458-A-33.wav,76,car_horn before door_wood_creaks
4-168155-A-15.wav_4-194754-A-0.wav,15,water_drops before dog
5-189212-A-12.wav_5-256512-A-30.wav,42,crackling_fire before door_wood_knock
3-249913-A-25.wav_4-133047-C-5.wav,30,footsteps before cat
1-39901-A-11.wav_4-194680-A-36.wav,47,sea_waves before vacuum_cleaner
4-175855-A-43.wav_5-244651-A-31.wav,74,car_horn before mouse_click
2-100786-A-1.wav_4-189832-A-22.wav,23,rooster before clapping
1-39937-A-28.wav_4-161303-B-5.wav,33,snoring before cat
4-164661-A-12.wav_5-222894-A-32.wav,44,crackling_fire before keyboard_typing
1-17808-B-12.wav_2-109371-D-16.wav,28,crackling_fire before wind
2-60795-A-26.wav_4-171652-A-44.wav,70,laughing before engine
3-155234-A-43.wav_4-204684-A-37.wav,80,car_horn before clock_alarm
3-127874-A-17.wav_4-181563-A-12.wav,29,pouring_water before crackling_fire
2-70280-A-18.wav_4-172366-A-37.wav,55,toilet_flush before clock_alarm
3-124376-A-3.wav_4-250869-A-2.wav,5,cow before pig
3-155584-A-14.wav_5-233607-A-39.wav,53,chirping_birds before glass_breaking
2-81970-B-7.wav_3-118069-B-27.wav,34,insects before brushing_teeth
2-54962-A-23.wav_5-160614-D-48.wav,71,breathing before fireworks
1-54958-A-10.wav_1-96950-B-9.wav,19,rain before crow
4-136381-A-9.wav_4-194711-A-38.wav,47,crow before clock_tick
1-101336-A-30.wav_1-17150-A-12.wav,42,door_wood_knock before crackling_fire
2-106015-A-44.wav_4-138344-A-9.wav,53,engine before crow
2-66205-A-23.wav_5-219342-A-38.wav,61,breathing before clock_tick
1-12654-B-15.wav_3-164688-A-38.wav,53,water_drops before clock_tick
1-103999-A-30.wav_5-171653-A-41.wav,71,door_wood_knock before chainsaw
5-160551-A-42.wav_5-169983-A-5.wav,47,siren before cat
3-124958-A-28.wav_5-218981-A-30.wav,58,snoring before door_wood_knock
2-120218-B-30.wav_3-97909-B-49.wav,79,door_wood_knock before hand_saw
1-19898-C-41.wav_2-108767-A-9.wav,50,chainsaw before crow
1-51805-D-33.wav_3-151269-A-35.wav,68,door_wood_creaks before washing_machine
1-51805-C-33.wav_4-180337-A-28.wav,61,door_wood_creaks before snoring
1-95563-A-31.wav_5-171653-A-41.wav,72,mouse_click before chainsaw
1-26177-A-43.wav_3-132747-A-26.wav,69,car_horn before laughing
4-223125-A-14.wav_5-252248-A-34.wav,48,chirping_birds before can_opening
4-181362-A-13.wav_5-188796-A-45.wav,58,crickets before train
1-76831-A-42.wav_5-260164-A-23.wav,65,siren before breathing
2-104952-A-16.wav_2-69131-B-5.wav,21,wind before cat
1-103298-A-9.wav_5-220955-A-40.wav,49,crow before helicopter
1-94231-B-32.wav_4-183882-B-28.wav,60,keyboard_typing before snoring
5-200461-A-11.wav_5-220027-A-21.wav,32,sea_waves before sneezing
1-13571-A-46.wav_2-122616-A-14.wav,60,church_bells before chirping_birds
1-60997-B-20.wav_3-140199-B-8.wav,28,crying_baby before sheep
2-96063-A-37.wav_4-198025-A-23.wav,60,clock_alarm before breathing
1-29532-A-16.wav_3-158476-A-12.wav,28,wind before crackling_fire
2-102567-C-35.wav_3-100018-A-18.wav,53,washing_machine before toilet_flush
2-65750-A-1.wav_5-209992-B-44.wav,45,rooster before engine
1-17092-A-27.wav_5-179496-A-16.wav,43,brushing_teeth before wind
4-144083-C-16.wav_4-181865-A-38.wav,54,wind before clock_tick
2-108767-B-9.wav_3-136608-A-16.wav,25,crow before wind
4-167571-A-26.wav_4-172500-C-27.wav,53,laughing before brushing_teeth
1-79711-A-32.wav_2-125520-A-43.wav,75,keyboard_typing before car_horn
2-67422-A-18.wav_3-142006-A-10.wav,28,toilet_flush before rain
1-105224-A-22.wav_3-102583-B-49.wav,71,clapping before hand_saw
2-108767-A-9.wav_3-151269-A-35.wav,44,crow before washing_machine
2-110614-B-8.wav_2-95567-A-23.wav,31,sheep before breathing
5-231762-A-0.wav_5-263831-B-6.wav,6,dog before hen
2-117615-C-48.wav_4-149940-B-5.wav,53,fireworks before cat
5-188655-A-10.wav_5-198411-C-20.wav,30,rain before crying_baby
2-64963-A-15.wav_5-157204-A-16.wav,31,water_drops before wind
1-46353-A-49.wav_5-198411-F-20.wav,69,hand_saw before crying_baby
1-25777-A-48.wav_3-149189-A-1.wav,49,fireworks before rooster
1-24796-A-47.wav_4-174860-B-3.wav,50,airplane before cow
2-110417-A-28.wav_3-118658-B-41.wav,69,snoring before chainsaw
2-118072-A-0.wav_2-51173-A-35.wav,35,dog before washing_machine
1-155858-E-25.wav_5-200334-B-1.wav,26,footsteps before rooster
2-80844-A-13.wav_5-127990-A-2.wav,15,crickets before pig
4-102871-A-42.wav_4-163264-A-10.wav,52,siren before rain
4-175846-A-43.wav_4-218199-B-35.wav,78,car_horn before washing_machine
4-132839-A-33.wav_5-244315-A-6.wav,39,door_wood_creaks before hen
2-117330-A-28.wav_5-133989-A-42.wav,70,snoring before siren
2-118459-A-32.wav_2-76408-B-22.wav,54,keyboard_typing before clapping
4-125070-A-19.wav_5-177779-A-33.wav,52,thunderstorm before door_wood_creaks
1-57795-A-8.wav_4-138344-A-9.wav,17,sheep before crow
4-189833-A-22.wav_5-194899-D-3.wav,25,clapping before cow
3-163607-A-13.wav_5-217186-B-16.wav,29,crickets before wind
2-166644-C-2.wav_2-96063-A-37.wav,39,pig before clock_alarm
3-253084-C-2.wav_5-260432-A-39.wav,41,pig before glass_breaking
1-79236-A-36.wav_1-7973-A-7.wav,43,vacuum_cleaner before insects
1-24076-A-43.wav_4-149294-A-41.wav,84,car_horn before chainsaw
1-18757-A-4.wav_4-160036-A-33.wav,37,frog before door_wood_creaks
2-64963-A-15.wav_5-240671-A-44.wav,59,water_drops before engine
3-253084-E-2.wav_4-175846-A-43.wav,45,pig before car_horn
2-52789-A-4.wav_2-72688-A-42.wav,46,frog before siren
3-165856-A-41.wav_3-203371-A-39.wav,80,chainsaw before glass_breaking
1-29680-A-21.wav_5-157204-A-16.wav,37,sneezing before wind
2-107351-A-20.wav_3-141559-A-45.wav,65,crying_baby before train
2-157488-A-6.wav_5-219044-A-46.wav,52,hen before church_bells
5-203128-A-0.wav_5-212054-A-36.wav,36,dog before vacuum_cleaner
5-198321-A-10.wav_5-207836-D-29.wav,39,rain before drinking_sipping
2-99955-A-7.wav_4-196671-B-8.wav,15,insects before sheep
2-109371-D-16.wav_4-204612-A-31.wav,47,wind before mouse_click
3-149465-A-22.wav_3-156581-B-14.wav,36,clapping before chirping_birds
1-56380-A-5.wav_2-78562-B-37.wav,42,cat before clock_alarm
4-198962-B-25.wav_5-222524-A-41.wav,66,footsteps before chainsaw
1-72229-B-6.wav_3-151206-A-23.wav,29,hen before breathing
1-28135-B-11.wav_4-191297-A-28.wav,39,sea_waves before snoring
3-151557-A-28.wav_5-133989-B-42.wav,70,snoring before siren
3-110913-B-7.wav_3-182710-A-35.wav,42,insects before washing_machine
1-18755-A-4.wav_3-197435-A-22.wav,26,frog before clapping
1-59102-A-13.wav_3-164120-A-11.wav,24,crickets before sea_waves
2-134915-A-30.wav_3-98869-A-46.wav,76,door_wood_knock before church_bells
3-182710-B-35.wav_4-195497-A-11.wav,46,washing_machine before sea_waves
1-172649-A-40.wav_5-160614-H-48.wav,88,helicopter before fireworks
2-140841-A-30.wav_5-200461-B-11.wav,41,door_wood_knock before sea_waves
2-70939-A-42.wav_3-171012-A-38.wav,80,siren before clock_tick
4-172732-A-36.wav_5-204352-B-13.wav,49,vacuum_cleaner before crickets
4-186962-A-44.wav_5-117122-A-42.wav,86,engine before siren
2-117116-A-37.wav_4-130891-A-7.wav,44,clock_alarm before insects
1-62849-A-38.wav_4-186935-A-44.wav,82,clock_tick before engine
3-163607-A-13.wav_5-156698-A-18.wav,31,crickets before toilet_flush
3-140774-A-10.wav_5-211197-A-24.wav,34,rain before coughing
3-157487-A-10.wav_5-193473-A-12.wav,22,rain before crackling_fire
2-135649-B-45.wav_5-156999-E-19.wav,64,train before thunderstorm
1-35687-A-38.wav_1-36402-A-23.wav,61,clock_tick before breathing
1-29561-A-10.wav_4-187769-B-14.wav,24,rain before chirping_birds
1-260640-A-2.wav_3-112522-A-27.wav,29,pig before brushing_teeth
2-62226-A-26.wav_2-81970-C-7.wav,33,laughing before insects
4-195805-A-13.wav_5-179496-A-16.wav,29,crickets before wind
2-121909-A-35.wav_3-134699-B-16.wav,51,washing_machine before wind
1-94036-A-22.wav_5-216213-A-13.wav,35,clapping before crickets
1-50455-A-44.wav_4-143118-B-7.wav,51,engine before insects
3-166326-A-15.wav_4-185575-C-20.wav,35,water_drops before crying_baby
1-31251-B-6.wav_1-85362-A-0.wav,6,hen before dog
1-88409-B-45.wav_5-232272-A-44.wav,89,train before engine
1-51805-E-33.wav_2-102414-G-17.wav,50,door_wood_creaks before pouring_water
1-100032-A-0.wav_5-236288-A-28.wav,28,dog before snoring
1-18757-A-4.wav_5-210571-A-38.wav,42,frog before clock_tick
1-56234-A-9.wav_5-185579-A-41.wav,50,crow before chainsaw
1-208757-A-2.wav_3-118656-A-41.wav,43,pig before chainsaw
1-101296-A-19.wav_5-205589-A-17.wav,36,thunderstorm before pouring_water
2-109371-C-16.wav_4-161100-A-47.wav,63,wind before airplane
2-87799-A-24.wav_3-166324-A-15.wav,39,coughing before water_drops
1-59513-A-0.wav_4-172734-A-36.wav,36,dog before vacuum_cleaner
3-107219-A-1.wav_4-197103-A-6.wav,7,rooster before hen
2-103427-A-3.wav_5-213802-A-12.wav,15,cow before crackling_fire
1-100038-A-14.wav_4-167077-B-20.wav,34,chirping_birds before crying_baby
4-128659-A-33.wav_5-235507-A-44.wav,77,door_wood_creaks before engine
4-216349-A-34.wav_5-244459-A-28.wav,62,can_opening before snoring
4-155670-A-26.wav_5-238021-A-35.wav,61,laughing before washing_machine
1-91359-B-11.wav_3-98869-A-46.wav,57,sea_waves before church_bells
1-56380-B-5.wav_2-60794-A-26.wav,31,cat before laughing
2-109316-A-32.wav_5-179496-B-16.wav,48,keyboard_typing before wind
1-26222-A-10.wav_1-34094-B-5.wav,15,rain before cat
1-9841-A-13.wav_4-182795-A-14.wav,27,crickets before chirping_birds
1-211527-A-20.wav_5-177957-A-40.wav,60,crying_baby before helicopter
1-56311-A-10.wav_5-216370-A-41.wav,51,rain before chainsaw
1-52290-A-30.wav_3-203374-A-39.wav,69,door_wood_knock before glass_breaking
2-96904-A-27.wav_4-133047-B-5.wav,32,brushing_teeth before cat
2-50667-A-41.wav_3-154378-A-30.wav,71,chainsaw before door_wood_knock
1-31482-B-42.wav_3-107219-A-1.wav,43,siren before rooster
2-121909-A-35.wav_5-234923-A-32.wav,67,washing_machine before keyboard_typing
2-96063-A-37.wav_4-204115-A-39.wav,76,clock_alarm before glass_breaking
1-12654-B-15.wav_3-188726-A-35.wav,50,water_drops before washing_machine
3-119120-C-48.wav_3-146186-A-44.wav,92,fireworks before engine
1-72195-A-37.wav_4-125825-B-46.wav,83,clock_alarm before church_bells
1-70300-A-45.wav_3-112356-A-18.wav,63,train before toilet_flush
1-54918-A-14.wav_2-71162-A-1.wav,15,chirping_birds before rooster
3-158056-B-31.wav_3-171937-A-34.wav,65,mouse_click before can_opening
2-118072-A-0.wav_3-124376-B-3.wav,3,dog before cow
3-156907-A-15.wav_5-260011-A-34.wav,49,water_drops before can_opening
2-119102-A-21.wav_3-115387-B-47.wav,68,sneezing before airplane
2-60900-A-22.wav_5-243449-A-14.wav,36,clapping before chirping_birds
4-120160-A-5.wav_5-185579-A-41.wav,46,cat before chainsaw
4-164243-A-26.wav_4-195305-A-31.wav,57,laughing before mouse_click
1-43760-A-11.wav_4-168155-A-15.wav,26,sea_waves before water_drops
2-69131-A-5.wav_5-235874-A-28.wav,33,cat before snoring
1-40967-A-28.wav_1-75189-A-7.wav,35,snoring before insects
3-134699-C-16.wav_5-235956-A-47.wav,63,wind before airplane
5-160614-C-48.wav_5-198278-B-7.wav,55,fireworks before insects
1-73123-A-26.wav_4-213915-B-3.wav,29,laughing before cow
1-62594-A-32.wav_2-118624-A-30.wav,62,keyboard_typing before door_wood_knock
1-24524-C-19.wav_3-158056-A-31.wav,50,thunderstorm before mouse_click
2-137162-A-11.wav_4-171706-A-23.wav,34,sea_waves before breathing
4-209698-A-37.wav_5-261433-A-15.wav,52,clock_alarm before water_drops
2-57191-A-46.wav_5-232272-A-44.wav,90,church_bells before engine
1-31748-A-21.wav_5-220027-A-21.wav,42,sneezing before sneezing
2-62226-A-26.wav_4-194711-A-38.wav,64,laughing before clock_tick
1-87565-A-29.wav_5-243635-A-29.wav,58,drinking_sipping before drinking_sipping
2-141563-A-39.wav_4-170247-B-12.wav,51,glass_breaking before crackling_fire
1-81851-A-31.wav_2-72688-A-42.wav,73,mouse_click before siren
1-51037-A-16.wav_2-103424-A-3.wav,19,wind before cow
1-67033-A-37.wav_4-163608-B-16.wav,53,clock_alarm before wind
4-167642-A-21.wav_5-244933-A-34.wav,55,sneezing before can_opening
2-108766-A-9.wav_2-84943-A-18.wav,27,crow before toilet_flush
3-163459-A-0.wav_4-150364-A-46.wav,46,dog before church_bells
2-103423-A-3.wav_5-187201-A-4.wav,7,cow before frog
1-80841-A-13.wav_4-160036-A-33.wav,46,crickets before door_wood_creaks
3-172922-A-48.wav_4-182034-A-30.wav,78,fireworks before door_wood_knock
3-120526-A-37.wav_4-167077-C-20.wav,57,clock_alarm before crying_baby
3-166125-A-23.wav_4-182314-B-7.wav,30,breathing before insects
2-68391-A-41.wav_3-127874-A-17.wav,58,chainsaw before pouring_water
5-161270-A-33.wav_5-200461-A-11.wav,44,door_wood_creaks before sea_waves
1-79711-A-32.wav_5-141683-A-35.wav,67,keyboard_typing before washing_machine
1-68670-A-34.wav_3-124795-A-28.wav,62,can_opening before snoring
2-56926-A-46.wav_4-107120-A-33.wav,79,church_bells before door_wood_creaks
4-167063-A-11.wav_4-211502-A-30.wav,41,sea_waves before door_wood_knock
1-62850-A-38.wav_3-197408-B-8.wav,46,clock_tick before sheep
2-87799-A-24.wav_4-178881-A-45.wav,69,coughing before train
4-102844-B-49.wav_5-250753-A-34.wav,83,hand_saw before can_opening
3-216280-A-39.wav_4-174797-A-15.wav,54,glass_breaking before water_drops
5-235593-A-23.wav_5-242491-A-14.wav,37,breathing before chirping_birds
3-159346-B-36.wav_5-212454-A-0.wav,36,vacuum_cleaner before dog
1-72195-A-37.wav_2-105270-A-47.wav,84,clock_alarm before airplane
1-46938-A-7.wav_2-138257-A-31.wav,38,insects before mouse_click
3-110913-C-7.wav_3-159347-A-36.wav,43,insects before vacuum_cleaner
1-63871-A-10.wav_2-80844-A-13.wav,23,rain before crickets
4-182395-A-0.wav_4-264453-A-34.wav,34,dog before can_opening
1-39901-A-11.wav_2-82077-A-7.wav,18,sea_waves before insects
1-17585-A-7.wav_2-141682-B-36.wav,43,insects before vacuum_cleaner
2-131943-A-38.wav_3-118487-A-26.wav,64,clock_tick before laughing
1-54065-A-45.wav_5-210612-A-37.wav,82,train before clock_alarm
3-174866-A-29.wav_5-209719-A-24.wav,53,drinking_sipping before coughing
2-118072-A-0.wav_4-182039-A-30.wav,30,dog before door_wood_knock
2-122820-B-36.wav_3-103597-A-25.wav,61,vacuum_cleaner before footsteps
1-54918-B-14.wav_5-209989-A-22.wav,36,chirping_birds before clapping
4-161099-B-47.wav_5-207811-B-35.wav,82,airplane before washing_machine
3-51909-B-42.wav_4-161100-A-47.wav,89,siren before airplane
4-167155-A-32.wav_5-160614-H-48.wav,80,keyboard_typing before fireworks
1-21189-A-10.wav_3-127890-A-9.wav,19,rain before crow
2-76408-B-22.wav_5-243459-B-14.wav,36,clapping before chirping_birds
3-103599-B-25.wav_4-174860-A-3.wav,28,footsteps before cow
2-83934-B-5.wav_3-164216-B-6.wav,11,cat before hen
4-186938-A-44.wav_5-242492-A-3.wav,47,engine before cow
2-37870-A-2.wav_3-104958-A-12.wav,14,pig before crackling_fire
1-26176-A-43.wav_3-216284-A-39.wav,82,car_horn before glass_breaking
2-60180-B-49.wav_3-70962-C-4.wav,53,hand_saw before frog
1-53501-A-32.wav_2-70052-B-42.wav,74,keyboard_typing before siren
2-85139-A-13.wav_2-94230-A-27.wav,40,crickets before brushing_teeth
1-31836-A-4.wav_4-161579-A-40.wav,44,frog before helicopter
1-101296-A-19.wav_1-51147-A-25.wav,44,thunderstorm before footsteps
3-118069-B-27.wav_5-234247-A-37.wav,64,brushing_teeth before clock_alarm
1-28005-A-18.wav_3-145774-A-12.wav,30,toilet_flush before crackling_fire
1-56270-A-29.wav_3-102583-B-49.wav,78,drinking_sipping before hand_saw
3-185456-A-29.wav_4-185613-A-32.wav,61,drinking_sipping before keyboard_typing
1-155858-F-25.wav_5-237499-A-4.wav,29,footsteps before frog
2-107228-A-44.wav_2-122616-A-14.wav,58,engine before chirping_birds
3-130998-B-28.wav_3-155312-A-0.wav,28,snoring before dog
1-50060-A-10.wav_4-261068-A-30.wav,40,rain before door_wood_knock
3-155312-A-0.wav_4-209698-A-37.wav,37,dog before clock_alarm
3-148330-A-21.wav_4-204777-C-39.wav,60,sneezing before glass_breaking
1-30709-C-23.wav_4-168155-A-15.wav,38,breathing before water_drops
2-91912-A-33.wav_3-166546-B-34.wav,67,door_wood_creaks before can_opening
5-187444-A-33.wav_5-204352-A-13.wav,46,door_wood_creaks before crickets
2-108761-A-14.wav_3-145774-A-12.wav,26,chirping_birds before crackling_fire
2-122104-A-0.wav_4-216349-A-34.wav,34,dog before can_opening
2-128465-B-43.wav_3-144106-A-32.wav,75,car_horn before keyboard_typing
4-136381-A-9.wav_4-161579-B-40.wav,49,crow before helicopter
1-62594-A-32.wav_2-131943-A-38.wav,70,keyboard_typing before clock_tick
3-177082-A-22.wav_4-210309-A-31.wav,53,clapping before mouse_click
1-56311-A-10.wav_2-110417-B-28.wav,38,rain before snoring
3-112522-A-27.wav_4-149294-A-41.wav,68,brushing_teeth before chainsaw
1-41615-A-34.wav_3-110913-A-7.wav,41,can_opening before insects
1-19898-B-41.wav_3-101381-A-33.wav,74,chainsaw before door_wood_creaks
2-120218-A-30.wav_2-134049-A-6.wav,36,door_wood_knock before hen
1-105224-A-22.wav_1-14262-A-37.wav,59,clapping before clock_alarm
3-166326-A-15.wav_4-130891-A-7.wav,22,water_drops before insects
4-159609-B-14.wav_4-67358-A-42.wav,56,chirping_birds before siren
3-71964-B-4.wav_5-198411-D-20.wav,24,frog before crying_baby
2-135860-A-49.wav_4-119647-C-48.wav,97,hand_saw before fireworks
1-7057-A-12.wav_3-103401-C-33.wav,45,crackling_fire before door_wood_creaks
1-100210-A-36.wav_1-56311-A-10.wav,46,vacuum_cleaner before rain
3-144028-A-0.wav_4-218199-C-35.wav,35,dog before washing_machine
4-136381-A-9.wav_4-147657-A-46.wav,55,crow before church_bells
2-98392-A-23.wav_4-250864-A-8.wav,31,breathing before sheep
4-198025-A-23.wav_5-182007-A-36.wav,59,breathing before vacuum_cleaner
1-36164-A-26.wav_4-181999-A-36.wav,62,laughing before vacuum_cleaner
1-97392-A-0.wav_3-127890-B-9.wav,9,dog before crow
1-51436-A-17.wav_5-260875-A-35.wav,52,pouring_water before washing_machine
4-144468-B-27.wav_4-197103-A-6.wav,33,brushing_teeth before hen
4-164859-A-1.wav_5-220955-A-40.wav,41,rooster before helicopter
1-47273-A-21.wav_4-210000-B-23.wav,44,sneezing before breathing
1-51805-C-33.wav_3-110913-D-7.wav,40,door_wood_creaks before insects
2-110417-A-28.wav_4-211502-A-30.wav,58,snoring before door_wood_knock
1-68670-A-34.wav_5-217158-A-0.wav,34,can_opening before dog
1-16568-A-3.wav_5-182404-A-18.wav,21,cow before toilet_flush
2-107228-A-44.wav_4-250864-A-8.wav,52,engine before sheep
3-152039-B-3.wav_5-212181-A-38.wav,41,cow before clock_tick
3-253084-A-2.wav_4-197871-A-15.wav,17,pig before water_drops
2-83667-A-34.wav_5-215634-A-17.wav,51,can_opening before pouring_water
1-32373-B-35.wav_4-90014-B-42.wav,77,washing_machine before siren
4-194979-A-25.wav_5-197446-A-7.wav,32,footsteps before insects
1-196660-B-8.wav_5-215658-A-12.wav,20,sheep before crackling_fire
2-76408-B-22.wav_3-119459-A-26.wav,48,clapping before laughing
1-31836-A-4.wav_4-167077-C-20.wav,24,frog before crying_baby
1-119125-A-45.wav_1-79146-A-29.wav,74,train before drinking_sipping
4-144083-A-16.wav_5-198278-B-7.wav,23,wind before insects
2-59321-A-49.wav_3-197408-C-8.wav,57,hand_saw before sheep
1-110537-A-22.wav_2-102567-D-35.wav,57,clapping before washing_machine
2-151079-A-20.wav_5-217186-C-16.wav,36,crying_baby before wind
2-84943-A-18.wav_4-157296-A-24.wav,42,toilet_flush before coughing
4-196671-B-8.wav_5-216131-A-32.wav,40,sheep before keyboard_typing
1-58792-A-24.wav_5-117118-A-42.wav,66,coughing before siren
3-143560-A-47.wav_5-207681-A-24.wav,71,airplane before coughing
2-121909-A-35.wav_4-167063-A-11.wav,46,washing_machine before sea_waves
2-50774-A-23.wav_4-140034-A-46.wav,69,breathing before church_bells
2-30322-B-12.wav_2-83536-A-27.wav,39,crackling_fire before brushing_teeth
1-211527-B-20.wav_5-198411-A-20.wav,40,crying_baby before crying_baby
2-68391-B-41.wav_4-213915-B-3.wav,44,chainsaw before cow
1-26806-A-1.wav_5-232802-A-31.wav,32,rooster before mouse_click
1-19501-A-7.wav_4-170247-A-12.wav,19,insects before crackling_fire
1-81001-A-30.wav_3-118069-A-27.wav,57,door_wood_knock before brushing_teeth
1-62849-A-38.wav_2-109374-A-16.wav,54,clock_tick before wind
3-130998-B-28.wav_4-182395-A-0.wav,28,snoring before dog
2-106073-A-36.wav_3-143119-A-21.wav,57,vacuum_cleaner before sneezing
1-104089-A-22.wav_3-197435-A-22.wav,44,clapping before clapping
1-85184-A-39.wav_5-251426-B-30.wav,69,glass_breaking before door_wood_knock
3-143560-A-47.wav_5-205589-B-17.wav,64,airplane before pouring_water
3-93010-A-18.wav_5-223317-A-31.wav,49,toilet_flush before mouse_click
1-47709-A-16.wav_3-107123-A-26.wav,42,wind before laughing
3-132340-A-37.wav_4-174860-B-3.wav,40,clock_alarm before cow
1-34853-A-37.wav_1-39835-A-9.wav,46,clock_alarm before crow
1-49409-B-8.wav_5-61635-A-8.wav,16,sheep before sheep
1-52290-A-30.wav_4-182369-A-12.wav,42,door_wood_knock before crackling_fire
1-53670-A-18.wav_5-200334-B-1.wav,19,toilet_flush before rooster
1-28135-A-11.wav_2-135649-C-45.wav,56,sea_waves before train
3-129338-A-13.wav_3-70962-C-4.wav,17,crickets before frog
1-52323-A-24.wav_3-132340-A-37.wav,61,coughing before clock_alarm
3-123224-A-19.wav_3-164592-A-15.wav,34,thunderstorm before water_drops
1-69641-A-3.wav_5-235644-A-30.wav,33,cow before door_wood_knock
1-47273-A-21.wav_2-102414-D-17.wav,38,sneezing before pouring_water
1-56269-A-18.wav_5-207811-A-35.wav,53,toilet_flush before washing_machine
3-125548-A-32.wav_5-220026-A-21.wav,53,keyboard_typing before sneezing
1-18527-B-44.wav_1-27405-A-28.wav,72,engine before snoring
1-36397-A-23.wav_3-144253-A-29.wav,52,breathing before drinking_sipping
2-68595-B-15.wav_3-65748-A-12.wav,27,water_drops before crackling_fire
1-49409-A-8.wav_5-212054-A-36.wav,44,sheep before vacuum_cleaner
1-50060-A-10.wav_5-212734-A-17.wav,27,rain before pouring_water
1-58277-A-3.wav_4-212604-B-15.wav,18,cow before water_drops
1-17150-A-12.wav_4-125072-B-19.wav,31,crackling_fire before thunderstorm
1-172649-B-40.wav_4-223127-A-14.wav,54,helicopter before chirping_birds
3-161500-A-17.wav_4-159426-A-9.wav,26,pouring_water before crow
3-152997-A-26.wav_5-233260-A-23.wav,49,laughing before breathing
2-110010-A-5.wav_2-160128-A-7.wav,12,cat before insects
4-161099-A-47.wav_5-198278-A-7.wav,54,airplane before insects
4-185575-A-20.wav_5-197988-A-46.wav,66,crying_baby before church_bells
3-124958-A-28.wav_5-161270-A-33.wav,61,snoring before door_wood_creaks
3-115387-C-47.wav_3-151273-A-35.wav,82,airplane before washing_machine
3-94343-A-25.wav_5-260875-A-35.wav,60,footsteps before washing_machine
1-62850-A-38.wav_5-257839-A-14.wav,52,clock_tick before chirping_birds
2-106015-A-44.wav_5-244315-C-6.wav,50,engine before hen
3-177083-A-22.wav_5-217186-C-16.wav,38,clapping before wind
2-78651-A-44.wav_4-223125-A-14.wav,58,engine before chirping_birds
1-18527-A-44.wav_5-253094-D-49.wav,93,engine before hand_saw
1-54958-A-10.wav_5-261439-A-15.wav,25,rain before water_drops
1-74517-A-37.wav_3-159347-B-36.wav,73,clock_alarm before vacuum_cleaner
1-64398-B-41.wav_5-180229-A-27.wav,68,chainsaw before brushing_teeth
1-36400-A-23.wav_5-212181-A-38.wav,61,breathing before clock_tick
3-149042-A-24.wav_4-172732-A-36.wav,60,coughing before vacuum_cleaner
1-211527-C-20.wav_3-151080-A-20.wav,40,crying_baby before crying_baby
4-156843-A-21.wav_4-164064-B-1.wav,22,sneezing before rooster
2-165801-A-48.wav_4-169508-A-37.wav,85,fireworks before clock_alarm
1-54918-A-14.wav_4-250869-C-2.wav,16,chirping_birds before pig
1-18527-B-44.wav_1-61252-A-11.wav,55,engine before sea_waves
4-196671-A-8.wav_5-200329-C-8.wav,16,sheep before sheep
4-202298-A-31.wav_5-185516-A-27.wav,58,mouse_click before brushing_teeth
1-260640-A-2.wav_5-253094-C-49.wav,51,pig before hand_saw
3-150979-B-40.wav_4-152958-A-18.wav,58,helicopter before toilet_flush
4-144083-A-16.wav_4-186962-A-44.wav,60,wind before engine
3-146972-A-5.wav_5-194899-D-3.wav,8,cat before cow
3-87936-A-46.wav_4-167571-A-26.wav,72,church_bells before laughing
5-207836-C-29.wav_5-215447-A-47.wav,76,drinking_sipping before airplane
2-70052-B-42.wav_5-217186-A-16.wav,58,siren before wind
3-128160-A-44.wav_4-201300-A-31.wav,75,engine before mouse_click
1-46274-A-18.wav_1-95563-A-31.wav,49,toilet_flush before mouse_click
1-32373-B-35.wav_4-234644-A-2.wav,37,washing_machine before pig
3-164595-A-15.wav_4-212728-A-34.wav,49,water_drops before can_opening
3-171041-A-38.wav_5-160614-B-48.wav,86,clock_tick before fireworks
2-144137-A-43.wav_3-166125-B-23.wav,66,car_horn before breathing
2-70939-A-42.wav_5-208030-A-0.wav,42,siren before dog
1-260640-C-2.wav_5-223099-A-32.wav,34,pig before keyboard_typing
2-158746-A-2.wav_5-198411-D-20.wav,22,pig before crying_baby
3-123224-A-19.wav_4-167077-C-20.wav,39,thunderstorm before crying_baby
2-106487-A-44.wav_2-65484-A-18.wav,62,engine before toilet_flush
4-132383-B-2.wav_4-181955-C-3.wav,5,pig before cow
1-51036-A-16.wav_1-51805-F-33.wav,49,wind before door_wood_creaks
3-149465-A-22.wav_5-259180-A-15.wav,37,clapping before water_drops
3-126358-B-3.wav_5-221528-A-39.wav,42,cow before glass_breaking
3-94342-A-25.wav_5-198411-D-20.wav,45,footsteps before crying_baby
1-24524-C-19.wav_5-184871-A-24.wav,43,thunderstorm before coughing
3-152007-D-20.wav_5-177957-D-40.wav,60,crying_baby before helicopter
4-183487-A-1.wav_5-253094-A-49.wav,50,rooster before hand_saw
3-130998-A-28.wav_4-167063-B-11.wav,39,snoring before sea_waves
2-117615-A-48.wav_4-192068-A-31.wav,79,fireworks before mouse_click
1-29532-A-16.wav_2-127109-A-6.wav,22,wind before hen
3-137152-A-1.wav_3-187549-B-6.wav,7,rooster before hen
2-120587-A-6.wav_3-151273-A-35.wav,41,hen before washing_machine
3-103051-C-19.wav_4-181035-A-38.wav,57,thunderstorm before clock_tick
2-54961-A-23.wav_5-207836-A-29.wav,52,breathing before drinking_sipping
2-109316-A-32.wav_3-155568-A-32.wav,64,keyboard_typing before keyboard_typing
1-84536-A-39.wav_3-153444-A-32.wav,71,glass_breaking before keyboard_typing
3-197408-A-8.wav_5-261433-A-15.wav,23,sheep before water_drops
4-197871-A-15.wav_5-185516-A-27.wav,42,water_drops before brushing_teeth
1-81001-A-30.wav_3-122110-A-46.wav,76,door_wood_knock before church_bells
4-204119-A-39.wav_4-250864-A-8.wav,47,glass_breaking before sheep
1-211527-C-20.wav_2-117116-A-37.wav,57,crying_baby before clock_alarm
1-115545-A-48.wav_4-209536-A-37.wav,85,fireworks before clock_alarm
1-21935-A-38.wav_2-122820-A-36.wav,74,clock_tick before vacuum_cleaner
1-50454-A-44.wav_3-101381-B-33.wav,77,engine before door_wood_creaks
3-156581-B-14.wav_4-201800-A-31.wav,45,chirping_birds before mouse_click
2-173607-A-39.wav_2-209475-A-25.wav,64,glass_breaking before footsteps
3-151213-A-24.wav_4-204612-A-31.wav,55,coughing before mouse_click
3-203371-A-39.wav_3-96606-B-49.wav,88,glass_breaking before hand_saw
2-121978-A-29.wav_3-156391-A-35.wav,64,drinking_sipping before washing_machine
2-108763-A-9.wav_4-204777-B-39.wav,48,crow before glass_breaking
1-181071-B-40.wav_5-233260-A-23.wav,63,helicopter before breathing
2-95258-B-1.wav_5-213836-D-9.wav,10,rooster before crow
3-119120-A-48.wav_4-177250-A-10.wav,58,fireworks before rain
1-19026-A-43.wav_5-207836-B-29.wav,72,car_horn before drinking_sipping
2-157488-A-6.wav_2-81112-A-34.wav,40,hen before can_opening
1-51037-A-16.wav_2-106014-A-44.wav,60,wind before engine
1-50455-A-44.wav_5-235644-A-30.wav,74,engine before door_wood_knock
3-138212-A-45.wav_4-125070-A-19.wav,64,train before thunderstorm
2-64963-A-15.wav_5-194899-A-3.wav,18,water_drops before cow
1-88807-A-39.wav_2-85434-A-27.wav,66,glass_breaking before brushing_teeth
3-140199-B-8.wav_4-117627-A-25.wav,33,sheep before footsteps
5-203739-A-10.wav_5-204352-B-13.wav,23,rain before crickets
2-166644-B-2.wav_4-163609-A-16.wav,18,pig before wind
4-136381-A-9.wav_5-233260-A-23.wav,32,crow before breathing
2-114609-B-28.wav_5-204741-A-46.wav,74,snoring before church_bells
2-135649-A-45.wav_5-207836-A-29.wav,74,train before drinking_sipping
2-81731-A-10.wav_3-112557-B-23.wav,33,rain before breathing
5-156026-C-4.wav_5-235644-A-30.wav,34,frog before door_wood_knock
2-54961-A-23.wav_5-117250-A-2.wav,25,breathing before pig
3-132830-A-32.wav_4-143118-B-7.wav,39,keyboard_typing before insects
2-173618-A-39.wav_2-209471-A-25.wav,64,glass_breaking before footsteps
1-17092-B-27.wav_1-99958-A-31.wav,58,brushing_teeth before mouse_click
5-161270-A-33.wav_5-220939-A-27.wav,60,door_wood_creaks before brushing_teeth
2-82538-A-21.wav_4-204777-B-39.wav,60,sneezing before glass_breaking
2-158746-A-2.wav_2-30322-B-12.wav,14,pig before crackling_fire
1-115920-B-22.wav_1-84393-A-32.wav,54,clapping before keyboard_typing
3-164592-A-15.wav_5-180229-A-27.wav,42,water_drops before brushing_teeth
1-22694-B-20.wav_2-99955-B-7.wav,27,crying_baby before insects
2-188822-B-40.wav_3-103401-D-33.wav,73,helicopter before door_wood_creaks
3-134049-A-1.wav_3-156391-A-35.wav,36,rooster before washing_machine
1-30226-A-0.wav_3-153057-A-43.wav,43,dog before car_horn
1-13613-A-37.wav_3-177082-A-22.wav,59,clock_alarm before clapping
1-23996-A-35.wav_1-49098-A-35.wav,70,washing_machine before washing_machine
2-109231-C-9.wav_4-163609-B-16.wav,25,crow before wind
1-15689-A-4.wav_3-103401-B-33.wav,37,frog before door_wood_creaks
2-85139-A-13.wav_3-134049-A-1.wav,14,crickets before rooster
4-174860-B-3.wav_5-212059-A-36.wav,39,cow before vacuum_cleaner
2-95258-A-1.wav_3-97909-B-49.wav,50,rooster before hand_saw
3-170377-A-38.wav_4-197871-A-15.wav,53,clock_tick before water_drops
3-180977-A-0.wav_4-196671-B-8.wav,8,dog before sheep
3-140199-D-8.wav_5-207836-C-29.wav,37,sheep before drinking_sipping
1-103999-A-30.wav_2-118624-A-30.wav,60,door_wood_knock before door_wood_knock
3-123224-A-19.wav_5-169983-A-5.wav,24,thunderstorm before cat
4-171519-A-21.wav_5-208810-B-11.wav,32,sneezing before sea_waves
1-31251-B-6.wav_4-156843-A-21.wav,27,hen before sneezing
1-58277-A-3.wav_4-133895-A-7.wav,10,cow before insects
4-218199-F-35.wav_5-198411-A-20.wav,55,washing_machine before crying_baby
4-119647-C-48.wav_5-221950-A-22.wav,70,fireworks before clapping
1-32373-B-35.wav_3-182710-B-35.wav,70,washing_machine before washing_machine
1-16568-A-3.wav_4-198841-A-37.wav,40,cow before clock_alarm
2-118072-A-0.wav_4-182368-A-12.wav,12,dog before crackling_fire
4-154443-A-24.wav_5-205090-A-32.wav,56,coughing before keyboard_typing
5-117250-A-2.wav_5-250026-A-30.wav,32,pig before door_wood_knock
3-181132-A-14.wav_3-87936-B-46.wav,60,chirping_birds before church_bells
3-87936-A-46.wav_4-156993-A-19.wav,65,church_bells before thunderstorm
3-118972-B-41.wav_4-171823-A-13.wav,54,chainsaw before crickets
2-50668-B-41.wav_3-129264-A-9.wav,50,chainsaw before crow
1-84393-A-32.wav_3-98193-A-46.wav,78,keyboard_typing before church_bells
2-157488-A-6.wav_5-161270-A-33.wav,39,hen before door_wood_creaks
5-198600-A-45.wav_5-232816-A-23.wav,68,train before breathing
2-128631-A-21.wav_4-251645-B-49.wav,70,sneezing before hand_saw
1-33658-A-26.wav_5-217186-B-16.wav,42,laughing before wind
1-43764-A-34.wav_4-132803-A-26.wav,60,can_opening before laughing
2-173607-A-39.wav_5-235893-A-28.wav,67,glass_breaking before snoring
3-51909-A-42.wav_4-186693-A-17.wav,59,siren before pouring_water
3-144128-A-23.wav_5-198891-C-8.wav,31,breathing before sheep
1-31251-B-6.wav_3-156907-A-15.wav,21,hen before water_drops
1-97793-A-31.wav_5-195710-A-10.wav,41,mouse_click before rain
1-101336-A-30.wav_5-237795-A-34.wav,64,door_wood_knock before can_opening
1-118206-A-31.wav_3-136451-A-45.wav,76,mouse_click before train
1-39835-B-9.wav_5-215172-A-13.wav,22,crow before crickets
1-40730-A-1.wav_3-208820-A-49.wav,50,rooster before hand_saw
2-209472-A-25.wav_2-60180-B-49.wav,74,footsteps before hand_saw
4-140034-A-46.wav_4-197454-A-28.wav,74,church_bells before snoring
3-115382-A-44.wav_4-205526-B-23.wav,67,engine before breathing
3-154439-A-17.wav_4-218199-F-35.wav,52,pouring_water before washing_machine
4-170247-B-12.wav_5-209719-A-24.wav,36,crackling_fire before coughing
3-71964-A-4.wav_5-236288-A-28.wav,32,frog before snoring
1-101296-B-19.wav_1-36393-A-23.wav,42,thunderstorm before breathing
5-198600-A-45.wav_5-221593-A-21.wav,66,train before sneezing
3-166546-B-34.wav_5-156999-E-19.wav,53,can_opening before thunderstorm
4-167571-A-26.wav_4-218304-A-25.wav,51,laughing before footsteps
3-129338-A-13.wav_3-58772-A-42.wav,55,crickets before siren
3-111102-B-46.wav_5-200339-A-1.wav,47,church_bells before rooster
1-172649-E-40.wav_5-179863-A-43.wav,83,helicopter before car_horn
4-204777-C-39.wav_5-198278-B-7.wav,46,glass_breaking before insects
1-32373-A-35.wav_4-210000-A-23.wav,58,washing_machine before breathing
3-140199-C-8.wav_3-166326-A-15.wav,23,sheep before water_drops
1-94036-A-22.wav_2-106019-A-13.wav,35,clapping before crickets
2-140841-A-30.wav_5-260011-A-34.wav,64,door_wood_knock before can_opening
1-76831-E-42.wav_5-210571-A-38.wav,80,siren before clock_tick
3-151213-A-24.wav_3-152007-B-20.wav,44,coughing before crying_baby
2-51173-A-35.wav_5-217186-C-16.wav,51,washing_machine before wind
1-17124-A-43.wav_5-210612-A-37.wav,80,car_horn before clock_alarm
1-211527-B-20.wav_3-143119-A-21.wav,41,crying_baby before sneezing
3-164595-A-15.wav_5-216370-A-41.wav,56,water_drops before chainsaw
3-155659-A-34.wav_5-157204-A-16.wav,50,can_opening before wind
4-159609-B-14.wav_4-164661-A-12.wav,26,chirping_birds before crackling_fire
4-164859-A-1.wav_5-256452-A-5.wav,6,rooster before cat
2-73260-A-10.wav_5-200329-A-8.wav,18,rain before sheep
1-50060-A-10.wav_3-150363-A-38.wav,48,rain before clock_tick
4-223127-A-14.wav_5-198411-D-20.wav,34,chirping_birds before crying_baby
2-117615-B-48.wav_5-235874-A-28.wav,76,fireworks before snoring
1-22694-B-20.wav_5-198411-G-20.wav,40,crying_baby before crying_baby
4-250869-A-2.wav_5-233019-A-31.wav,33,pig before mouse_click
2-95258-A-1.wav_5-203128-B-0.wav,1,rooster before dog
3-119120-C-48.wav_5-198411-E-20.wav,68,fireworks before crying_baby
1-72229-B-6.wav_4-157296-A-24.wav,30,hen before coughing
2-110614-B-8.wav_4-161579-A-40.wav,48,sheep before helicopter
5-187201-A-4.wav_5-233312-A-28.wav,32,frog before snoring
1-101296-A-19.wav_3-136288-A-0.wav,19,thunderstorm before dog
3-87936-A-46.wav_5-177034-A-18.wav,64,church_bells before toilet_flush
2-18766-B-12.wav_3-119120-E-48.wav,60,crackling_fire before fireworks
1-82817-A-30.wav_3-152007-B-20.wav,50,door_wood_knock before crying_baby
1-17150-A-12.wav_3-155568-A-32.wav,44,crackling_fire before keyboard_typing
2-146877-B-31.wav_4-261068-A-30.wav,61,mouse_click before door_wood_knock
4-218304-A-25.wav_5-223099-B-32.wav,57,footsteps before keyboard_typing
2-122104-A-0.wav_4-244318-A-6.wav,6,dog before hen
1-29532-A-16.wav_5-212454-A-0.wav,16,wind before dog
3-157492-A-45.wav_5-61635-A-8.wav,53,train before sheep
3-203375-A-39.wav_4-204777-C-39.wav,78,glass_breaking before glass_breaking
1-260640-C-2.wav_3-119120-B-48.wav,50,pig before fireworks
1-47250-B-41.wav_1-56380-A-5.wav,46,chainsaw before cat
3-140199-C-8.wav_4-167155-A-32.wav,40,sheep before keyboard_typing
1-5996-A-6.wav_2-139748-B-15.wav,21,hen before water_drops
1-48298-A-46.wav_2-83934-B-5.wav,51,church_bells before cat
2-112213-B-39.wav_4-207116-A-23.wav,62,glass_breaking before breathing
2-52001-A-28.wav_2-60791-A-26.wav,54,snoring before laughing
2-103426-A-3.wav_3-253081-A-2.wav,5,cow before pig
1-68628-A-27.wav_1-9887-B-49.wav,76,brushing_teeth before hand_saw
4-108352-A-33.wav_4-168446-A-45.wav,78,door_wood_creaks before train
2-59565-A-46.wav_4-174860-B-3.wav,49,church_bells before cow
1-51805-D-33.wav_5-173568-A-33.wav,66,door_wood_creaks before door_wood_creaks
2-43806-A-42.wav_3-110913-B-7.wav,49,siren before insects
1-26176-A-43.wav_5-233787-A-7.wav,50,car_horn before insects
1-202111-A-3.wav_3-154781-A-32.wav,35,cow before keyboard_typing
2-188822-B-40.wav_2-54961-A-23.wav,63,helicopter before breathing
2-117615-C-48.wav_3-259622-A-44.wav,92,fireworks before engine
1-31482-B-42.wav_2-60180-B-49.wav,91,siren before hand_saw
1-31251-B-6.wav_1-52290-A-30.wav,36,hen before door_wood_knock
1-75190-A-8.wav_2-120218-A-30.wav,38,sheep before door_wood_knock
2-73027-A-10.wav_4-161303-A-5.wav,15,rain before cat
2-188822-C-40.wav_4-188703-D-8.wav,48,helicopter before sheep
4-172377-A-17.wav_5-237795-A-34.wav,51,pouring_water before can_opening
2-108766-A-9.wav_5-231762-A-0.wav,9,crow before dog
1-51805-G-33.wav_1-53467-A-47.wav,80,door_wood_creaks before airplane
3-118059-A-18.wav_4-197454-A-28.wav,46,toilet_flush before snoring
5-182012-A-36.wav_5-217186-B-16.wav,52,vacuum_cleaner before wind
3-147965-A-12.wav_5-186924-A-12.wav,24,crackling_fire before crackling_fire
1-85184-A-39.wav_5-237795-A-34.wav,73,glass_breaking before can_opening
1-94231-B-32.wav_3-145719-A-17.wav,49,keyboard_typing before pouring_water
3-145719-A-17.wav_5-251426-A-30.wav,47,pouring_water before door_wood_knock
4-138344-A-9.wav_4-172500-A-27.wav,36,crow before brushing_teeth
1-36164-A-26.wav_3-166546-B-34.wav,60,laughing before can_opening
4-180337-A-28.wav_5-204741-A-46.wav,74,snoring before church_bells
2-128465-B-43.wav_4-172500-D-27.wav,70,car_horn before brushing_teeth
3-159348-A-36.wav_4-196672-A-8.wav,44,vacuum_cleaner before sheep
1-115921-A-22.wav_4-90014-B-42.wav,64,clapping before siren
1-115545-B-48.wav_2-102414-A-17.wav,65,fireworks before pouring_water
1-27724-A-1.wav_4-175856-A-43.wav,44,rooster before car_horn
2-120218-B-30.wav_4-125929-A-40.wav,70,door_wood_knock before helicopter
1-19898-C-41.wav_1-43764-A-34.wav,75,chainsaw before can_opening
1-84704-A-39.wav_4-171652-A-44.wav,83,glass_breaking before engine
3-126391-A-27.wav_5-251971-A-47.wav,74,brushing_teeth before airplane
1-100038-A-14.wav_5-220955-A-40.wav,54,chirping_birds before helicopter
2-205966-A-16.wav_4-182395-A-0.wav,16,wind before dog
2-102414-F-17.wav_4-191327-A-38.wav,55,pouring_water before clock_tick
1-104089-B-22.wav_4-181955-C-3.wav,25,clapping before cow
1-19501-A-7.wav_1-29680-A-21.wav,28,insects before sneezing
2-68595-B-15.wav_4-107117-A-33.wav,48,water_drops before door_wood_creaks
3-151212-A-24.wav_3-157187-A-12.wav,36,coughing before crackling_fire
1-97793-A-31.wav_4-80761-A-42.wav,73,mouse_click before siren
3-253081-A-2.wav_5-156999-D-19.wav,21,pig before thunderstorm
3-103051-B-19.wav_4-187284-A-30.wav,49,thunderstorm before door_wood_knock
3-172922-A-48.wav_4-121532-A-42.wav,90,fireworks before siren
3-158056-B-31.wav_4-164859-A-1.wav,32,mouse_click before rooster
1-12654-B-15.wav_4-133047-B-5.wav,20,water_drops before cat
1-181071-B-40.wav_1-23222-B-19.wav,59,helicopter before thunderstorm
5-205589-B-17.wav_5-256452-A-5.wav,22,pouring_water before cat
2-118625-A-30.wav_4-167077-B-20.wav,50,door_wood_knock before crying_baby
3-143929-A-10.wav_4-161105-B-47.wav,57,rain before airplane
1-23222-B-19.wav_5-117118-A-42.wav,61,thunderstorm before siren
3-166324-A-15.wav_5-256512-A-30.wav,45,water_drops before door_wood_knock
1-104089-B-22.wav_1-56907-A-46.wav,68,clapping before church_bells
1-45641-A-27.wav_1-96950-B-9.wav,36,brushing_teeth before crow
2-102852-A-11.wav_3-130998-B-28.wav,39,sea_waves before snoring
1-118559-A-17.wav_4-167077-B-20.wav,37,pouring_water before crying_baby
1-19898-C-41.wav_2-72547-D-14.wav,55,chainsaw before chirping_birds
1-50661-A-44.wav_5-221567-A-22.wav,66,engine before clapping
3-108791-A-18.wav_4-161303-A-5.wav,23,toilet_flush before cat
2-102414-D-17.wav_4-119647-D-48.wav,65,pouring_water before fireworks
2-76408-A-22.wav_3-253084-B-2.wav,24,clapping before pig
1-196660-B-8.wav_5-218494-A-22.wav,30,sheep before clapping
1-1791-A-26.wav_4-216349-A-34.wav,60,laughing before can_opening
5-177779-A-33.wav_5-180156-A-43.wav,76,door_wood_creaks before car_horn
3-132830-A-32.wav_5-242491-A-14.wav,46,keyboard_typing before chirping_birds
1-50060-A-10.wav_4-189833-A-22.wav,32,rain before clapping
3-170383-A-38.wav_5-195517-A-7.wav,45,clock_tick before insects
2-112213-A-39.wav_2-126756-A-29.wav,68,glass_breaking before drinking_sipping
1-208757-E-2.wav_3-157615-A-10.wav,12,pig before rain
1-260640-A-2.wav_5-214759-A-5.wav,7,pig before cat
1-43807-C-47.wav_5-234879-B-1.wav,48,airplane before rooster
2-54961-A-23.wav_4-205526-A-23.wav,46,breathing before breathing
1-172649-B-40.wav_2-68595-B-15.wav,55,helicopter before water_drops
2-103423-A-3.wav_2-52001-B-28.wav,31,cow before snoring
2-96460-A-1.wav_3-148932-A-34.wav,35,rooster before can_opening
1-79236-A-36.wav_2-32515-C-4.wav,40,vacuum_cleaner before frog
1-85184-A-39.wav_2-140147-A-38.wav,77,glass_breaking before clock_tick
1-187207-A-20.wav_2-61618-A-46.wav,66,crying_baby before church_bells
1-56907-A-46.wav_5-253101-A-49.wav,95,church_bells before hand_saw
2-68595-B-15.wav_4-232495-A-6.wav,21,water_drops before hen
2-114609-B-28.wav_2-65484-A-18.wav,46,snoring before toilet_flush
1-160563-A-48.wav_4-172742-A-32.wav,80,fireworks before keyboard_typing
4-171207-A-12.wav_5-209992-B-44.wav,56,crackling_fire before engine
1-172649-F-40.wav_2-104476-A-37.wav,77,helicopter before clock_alarm
2-52001-A-28.wav_4-205738-A-22.wav,50,snoring before clapping
2-209474-A-25.wav_2-99955-B-7.wav,32,footsteps before insects
2-37806-A-40.wav_3-115382-A-44.wav,84,helicopter before engine
2-51630-B-49.wav_4-194246-A-13.wav,62,hand_saw before crickets
2-141584-A-38.wav_3-127874-A-17.wav,55,clock_tick before pouring_water
1-64398-B-41.wav_3-144253-A-29.wav,70,chainsaw before drinking_sipping
3-171012-A-38.wav_3-171937-A-34.wav,72,clock_tick before can_opening
1-30043-A-26.wav_2-108767-A-9.wav,35,laughing before crow
3-143560-A-47.wav_5-235874-A-28.wav,75,airplane before snoring
1-72195-B-37.wav_4-167571-A-26.wav,63,clock_alarm before laughing
1-977-A-39.wav_2-66637-A-20.wav,59,glass_breaking before crying_baby
5-103421-A-2.wav_5-263501-A-25.wav,27,pig before footsteps
2-70367-A-33.wav_3-187549-A-6.wav,39,door_wood_creaks before hen
1-19898-B-41.wav_3-120526-B-37.wav,78,chainsaw before clock_alarm
3-170002-A-34.wav_4-168446-A-45.wav,79,can_opening before train
3-115387-C-47.wav_4-196671-B-8.wav,55,airplane before sheep
2-37806-B-40.wav_4-141365-A-18.wav,58,helicopter before toilet_flush
2-100786-A-1.wav_5-208810-A-11.wav,12,rooster before sea_waves
3-146697-A-43.wav_4-133674-A-26.wav,69,car_horn before laughing
1-43807-D-47.wav_3-185456-A-29.wav,76,airplane before drinking_sipping
1-79113-A-5.wav_4-182369-A-12.wav,17,cat before crackling_fire
2-50668-A-41.wav_5-202020-A-18.wav,59,chainsaw before toilet_flush
3-130998-A-28.wav_3-145719-A-17.wav,45,snoring before pouring_water
2-68391-B-41.wav_3-140199-A-8.wav,49,chainsaw before sheep
3-51376-A-42.wav_5-117118-A-42.wav,84,siren before siren
5-170338-A-41.wav_5-216131-A-32.wav,73,chainsaw before keyboard_typing
1-47714-A-16.wav_3-155130-A-43.wav,59,wind before car_horn
2-121909-A-35.wav_3-159347-A-36.wav,71,washing_machine before vacuum_cleaner
3-143560-A-47.wav_4-183992-A-0.wav,47,airplane before dog
4-163609-B-16.wav_4-195451-A-44.wav,60,wind before engine
1-32318-A-0.wav_4-175945-A-38.wav,38,dog before clock_tick
3-102583-C-49.wav_5-203128-B-0.wav,49,hand_saw before dog
1-36402-A-23.wav_4-164064-B-1.wav,24,breathing before rooster
1-16746-A-15.wav_2-99955-B-7.wav,22,water_drops before insects
4-194711-A-38.wav_5-156999-C-19.wav,57,clock_tick before thunderstorm
4-188033-A-38.wav_5-223810-A-35.wav,73,clock_tick before washing_machine
1-76831-A-42.wav_3-150979-A-40.wav,82,siren before helicopter
4-204119-A-39.wav_5-133989-B-42.wav,81,glass_breaking before siren
1-74517-A-37.wav_4-198360-A-49.wav,86,clock_alarm before hand_saw
1-51805-B-33.wav_4-119648-D-48.wav,81,door_wood_creaks before fireworks
2-130245-A-34.wav_2-84693-A-49.wav,83,can_opening before hand_saw
2-108767-B-9.wav_5-238021-A-35.wav,44,crow before washing_machine
1-47709-A-16.wav_5-260164-A-23.wav,39,wind before breathing
1-17565-A-12.wav_3-118657-B-41.wav,53,crackling_fire before chainsaw
1-31251-B-6.wav_2-106487-A-44.wav,50,hen before engine
1-62509-A-45.wav_2-95258-B-1.wav,46,train before rooster
2-82538-A-21.wav_3-121348-A-9.wav,30,sneezing before crow
1-172649-C-40.wav_3-132830-A-32.wav,72,helicopter before keyboard_typing
2-70367-A-33.wav_4-189828-A-22.wav,55,door_wood_creaks before clapping
4-181955-B-3.wav_5-198891-A-8.wav,11,cow before sheep
1-17808-A-12.wav_4-232495-A-6.wav,18,crackling_fire before hen
1-105224-A-22.wav_1-47273-A-21.wav,43,clapping before sneezing
1-43760-A-11.wav_5-185516-A-27.wav,38,sea_waves before brushing_teeth
1-46274-A-18.wav_1-81001-B-30.wav,48,toilet_flush before door_wood_knock
2-104105-B-19.wav_2-52085-A-4.wav,23,thunderstorm before frog
3-51731-B-42.wav_4-181628-A-17.wav,59,siren before pouring_water
3-112557-A-23.wav_5-216213-A-13.wav,36,breathing before crickets
2-102581-B-29.wav_3-152912-A-26.wav,55,drinking_sipping before laughing
3-145487-A-24.wav_5-231551-A-36.wav,60,coughing before vacuum_cleaner
2-102414-D-17.wav_2-50668-B-41.wav,58,pouring_water before chainsaw
4-170078-A-1.wav_4-99193-A-4.wav,5,rooster before frog
2-72268-A-6.wav_4-181563-A-12.wav,18,hen before crackling_fire
1-51805-A-33.wav_2-75726-A-6.wav,39,door_wood_creaks before hen
3-123224-A-19.wav_5-261325-A-9.wav,28,thunderstorm before crow
1-115545-C-48.wav_4-157611-B-41.wav,89,fireworks before chainsaw
1-26177-A-43.wav_4-204684-A-37.wav,80,car_horn before clock_alarm
